Produto;Espécies
Camiseta Tucunaré Aquarela - Branca;Tucunaré
Camiseta Tucunaré Aquarela - Preta;Tucunaré
Camiseta Anzol For Fisher;Anzol
Boné Tucunaré Tribal;Tucunaré
Boné Isca Stick;Isca
Boné Pesco Logo Existo;Pesco logo existo
Chaveiro Tucunaré;Tucunaré
Camiseta Pescar é o Meu Esporte;Pescar é o meu esporte
Boné Momento da Pesca;Momento da Pesca
Camiseta Pescar e Soltar;Pescar e soltar
Boné For Fisher;For Fisher
Camiseta Peixe Grande Toma Linha;Peixe Grande toma Linha
Boné Escama Tambaqui;Tambaqui
Pulseira Traíra Pingente;Traira
Boné For Fisher Aba Reta;For Fisher
Boné Escama Dourado;Dourado
Camiseta Cardume Fish TV;Cardume Fish TV
Camiseta Embaixador da Pesca;Embaixador da Pesca
Camiseta Tamba Fisher;Tamba
Camiseta Hei Matau Maori - Branca;Hei Matau
Colar Hei Matau Metal;Hei Matau
Pulseira Dourado Pingente;Pesque e Solte
Abridor Pesque e Solte;For Fisher
Pulseira Macramê Dourado Café;Dourado
Camiseta Técnicas For Fisher;For Fisher
Camiseta Tambaqui Aquarela - Preta;Tambaqui
Camiseta Tambaqui Aquarela - Preta;Tambaqui
Camiseta Tambaqui Aquarela - Branca;Tambaqui
Camiseta Robalo Maori;Robalo
Camiseta Salto do Robalo;Robalo
Camiseta Baby Look Peixe Grande Toma Linha;Peixe Grande toma Linha
Camiseta Tribalnaré For Fisher;Tribainaré
Pulseira Traíra em Recorte;Traira
Colar Anzol For Fisher;Anzol
Colar Tucunaré;Tucunaré
Pulseira Macramê Traíra Preta e Marrom;Traia
Chaveiro Pesque e Solte;Pesque e Solte
Colar Tambaqui;Tambaqui
Pulseira Tucunaré Emborrachada;Tucunaré
Squeeze For Fisher;For Fisher
Boné Pampo Maori;Pampo
Camiseta Traíra Tribal;Traira
Sandália Tucunaré Tribal;Tucunaré
Camiseta Salto do Dourado;Dourado
Camiseta For Fisher;For Fisher
"Camiseta ""Pesco, Logo Existo""";Pesco logo existo
Boné Clássico Tucunaré;Tucunaré
Camiseta Boia Cevadeira;Boia
"Boné ""Esse é Bruto!""";Esse é bruto
Boné Clássico Dourado;Dourado
Boné Robalo Maori;Robalo
Boné Dourado Tribal;Dourado
Caneca Salto do Dourado;Dourado
Sandália Dourado Tribal;Dourado
Camiseta Pampo Maori - Branca;Pampo
Pulseira Dourado em Recorte;Dourado
Quadro Tucunaré (38x30);Tucunaré
Boné Escama Tucunaré;Tucunaré
Caneca Tucunaré Aquarela;Tucunaré
Pulseira Robalo Pingente;Robalo
Pulseira Macramê Robalo Preta e Marrom;Robalo
Caneca Cardume Fish TV;Fish TV
Sandália Traíra Tribal;Traira
Boné Tamba Fisher;Tamba
Cinto Dourado;Dourado
Camiseta Salto do Tucunaré;Tucunaré
Camiseta Salto da Cachorra;Cachorra
Camiseta Print Pesco Logo Existo;Pesco logo existo
Camiseta Tucunaré Tribal;Tucunaré
Camiseta Mestre da Emboscada;Mestre da emboscada
Camiseta Estrelas Fish TV;Fish TV
Camiseta Infantil Galera Fish TV;Fish TV
Camiseta Rei do Rio;Dourado
Sandália Tucunaré;Tucunaré
Boné Fish TV;Fish TV
Camiseta Baby Look Tucunaré Aquarela - Branca;Tucunaré
Sandália Traíra;Traira
Camiseta Baby Look Cardume Fish TV;Fish TV
Sandália Tambaqui;Tambaqui
Camiseta Baby Look Tambaqui Aquarela - Preta;Tambaqui
Camiseta Hei Matau Maori - Preta;Hei Matau
Camiseta Baby Look Robalo Maori;Robalo
Sandália For Fisher;For Fisher
Camiseta Pampo Maori - Azul;Pampo
