Categorias;Tipo de Produto
Lançamentos, Camisetas;Camiseta
Bonés;Boné
Lançamentos, Bonés;Boné
Lançamentos, Utilitários > Chaveiros;Chaveiro
Bonés, Fish TV;Boné
Acessórios > Pulseiras;Pulseira
Lançamentos, Acessórios > Colares;Colar
Lançamentos, Camisetas, Fish TV;Camiseta
Camisetas;Camiseta
Lançamentos, Utilitários > Abridores;Abridor
Acessórios > Colares;Colar
Utilitários > Squeeze;Squeeze
Sandálias;Sandália
Lançamentos, Utilitários > Canecas;Caneca
Utilitários > Quadros;Quadro
Acessórios > Cintos;Cinto
Fish TV;Camiseta
;
;
;
;
;
;
;
;
;
;
;
;
;
