Categoria;Visualizações
MOM-T07-E09;1046
SAB-T02-E06;744
SAB-T02-E05;737
MOM-T07-E10;734
ESC-RUBINHO-NOS-APRENDA_A_ATAR_UM_LEADER_NO_MULTIFILAMENTO_UTILIZANDO_UM_NO_PEQUENO (DICA 140);710
MOM-T07-E08;658
SAB-T02-E04;628
PAG-T06-E26;535
ASP-T05-E01;530
SAB-T02-E03;515
ESC_RUBINHO-NOS-COMO_FAZER_EMPATE_COM_NO_DE_OITO (DICA 11);496
MOM-T07-E07;479
MOM-T07-E11;450
ASP-T05;436
BIO-T06-E01;428
ESC-JUNINHO-NOS-DICA_DO_NO_DE_EMENDA_DE_DUAS_LINHAS (DICA 89);401
PRP-T02-P2;360
PRO-T05-E26;357
SAB-T01-E14;347
ELA-T04-E08;345
FIT-T04-E25;331
ELA-T04-E06;330
FLY-T07-E07;301
PRP-T02-E18;289
SAW-T02-E04;281
ASP-T05-E02;279
FIG-T02-E12;277
SAB-T02-E01;274
BIO-T06;268
MOM-T07-E06;268
MOM-T06-E07;260
ESC-PEZAO-EQUIPAMENTOS_E_ACESSORIOS-DIFENRENCA_ENTRE_VARAS_DE_MOLINETE_E_CARRETILHA (DICA 105) ;257
FIT-T04-E24;255
FLY-T07-P1;255
ESC-RUBINHO-NOS-APRENDA_A_ATAR_A_LINHA_DIRETAMENTE_NA_ISCA_ARTIFICIAL (DICA 124);255
ELA-T04-E07;251
PRP-T02-E17;247
ESC_JUNINHO-NOS-NO_RAPALA (DICA 10);240
ESC_RUBINHO-NOS-COMO_FAZER_NO_PALOMAR (DICA 175);238
FLY-T07-E08;237
MOM-T07-E01;229
SAW-T02-E01;219
ESC_DENIS-PESQUEIROS-COMO_USAR_A_BOIA_CEVADEIRA (DICA 46);218
MOM-T07-E04;218
ESC_RUBINHO-ARREMESSO-COMO_FAZER_ARREMESSO_CIRCULAR_COM_MOLINETE_2 (DICA 12) ;215
ESC-JUNINHO-ISCA_NATURAL-COMO_ISCAR_CARANGUEJO (DICA 103);214
PRO-T05-E29;206
FIT-T03-E05;192
SAB-T01-FASE-3;188
ESC_JUNINHO-PIAPARA-PESCA_DE_ESPERA_ISCA_DE_CORACAO_DE_BOI (DICA 07);184
ESC-RUBINHO-EQUIPAMENTOS_E_ACESSORIOS-DICA_SOBRE_LEADER.mp4;181
PDI-T03-E10;179
ESC-JUNINHO-NOS_APRENDA_A_FAZER_NO_DE_SANGUE (DICA 108);179
ESC_JUNINHO-PIAPARA-APRENDA_A_ISCAR_CORRETAMENTE_FRANGO_CARANGUEJO_E_CARAMUJO ( DICA 08);178
PRP-T02-E16;178
PDI-T03;174
ESC_DENIS-PESQUEIROS-COMO_USAR_ANTENINHA_PARA_PESCA_DE_TILAPIA (DICA 28);173
PRO-T05-E28;172
PDI-T03-E09;168
ASP-T05-E03;165
PAS-T05-E23;164
BIO-T06-E01;163
SAB-T02-E02;162
FLY-T07-E09;160
ESC-PAPA-EQUIPAMENTOS_E_ACESSORIOS-COMO_AJUSTAR_O_FREIO_DRAG_DA_CARRETILHA (DICA 94);157
ESC_JUNINHO-PIAPARA-APRENDA_A_MONTAGEM_DE_CHICOTE_PARA_A_PESCA_DE_RODADINHA_(DICA 06);156
PAG-T06-E24;155
PAG-T06-E23;153
ESC_DENIS-PESQUEIROS-DICA_DA_RACAO_NA_PINGA (DICA 08);149
FIT-T04-E21;147
ESC_DENIS-PESQUEIROS-DICA_DA_SALSICHA_FLUTUANTE_COM_EVA (DICA 12);145
PAG-T06-E25;144
ESC_NAM-ROBALO-CAMARAO_ARTIFICIAL_EQUIPAMENTO_IDEAL_E_COMO_TRABALHAR (DICA 24);135
SAW-T02-E03;135
ESC-PAPA-ARREMESSO-COMO_FAZER_ARREMESSO_DE_CARRETILHA_PARA_PEIXE_MEDIO (DICA 84);133
SAB-T01-E08;133
ESC_DENIS-PESQUEIROS-COMO_FAZER_MASSA_DOCE_PARA_CARPA (DICA 32);132
ESC_DENIS-PESQUEIROS-COMO_FAZER_PONTEIRA_INTELIGENTE_OU_CAGUETE (DICA 20);132
ESC_JUNINHO-PIAPARA-COMO_ISCAR_MINHOCAS_CALIFORNIAS_EM_ANZOIS_DUPLOS_(DICA 02);132
ESC-JUNINHO-PIAPARA_E_CORIMBA-TIPOS_DE_ANZOIS_PARA_CEVA (DICA 115);131
CBP-T01-E14;129
ESC-JUNINHO-PIAPARA-ISCA_DE_PONTA_DE_PEITO (DICA 91);129
ESC-NELSON-ARREMESSO-COMO_FAZER_ARREMESSO_DE_CARRETILHA_FLIP_CAST (DICA 146);129
ESC_JOHNNY-TUCUNARE_GRANDE-COLHER_EQUIPAMENTO_IDEAL_E_COMO_TRABALHAR (DICA 09);128
FIT-T03-E09;127
PRP-T02-E15;127
ESC_NELSON-ROBALO_PEVA-TIPOS_DE_ISCA_DE_FUNDO (DICA 34);126
DES-T04-E32;123
PEZAO-MANUTENCAO_E_CUIDADOS-COMO_FAZER_A_LIMPEZA_PERIODICA_E_A_LUBRIFICACAO_DA_CARRETILHA (DICA 170);122
SAB-T01-E01;122
ESC_DENIS-PESQUEIROS-TIPOS_DE_MASSAS_E_ESSENCIAS (DICA 26);120
SAB-T02-E07;118
MOM-T07-E05;117
ESC-DENIS-PESQUEIROS-COMO_APOITAR_A_BOIA (DICA 151);115
MOM-T06-E01;115
FIT-T04-E07;115
ESC_DENIS_GARBO-PESQUEIROS-TIPOS_DE_CHUVEIRINHO_E_COMO_COLOCAR_A_MASSA (175);115
ESC_NAM-TRAIRA-POPPER_EQUIPAMENTO_IDEAL_E_COMO_TRABALHAR (DICA 17);114
BIO-T06-E02;113
ESC_RENAN-ARREMESSO-SIDE_HAND_CAST_COMO_FAZER_ARREMESSO_DE_CARRETILHA (DICA 28);112
ESC_JOHNNY_EQUIPAMENTOS_ACESSORIOS_COMO_REGULAR_CARRETILHA_COM_FREIO_MAGNETICO (181);109
AQU-T05;108
AQU-T05-E01;107
FTN-T05-E15;107
SAW-T02-E02;105
DES-T04-E34;104
SAW-T01-E01;104
ESC_DENIS-PESQUEIROS-PAO_DE_QUEIJO_NA_SUPERFICIE (DICA 18);103
FIT-T04-E08;103
MOM-T06-E24;103
PAG-T03-E05;103
SAW-T01-E12;102
PRO-T05-E27;100
ESC-DENIS-PESQUEIROS-APRENDA_A_FAZER_ISCA_DE_BEIJINHO (DICA 118);100
ESC_GIULIANO-ROBALO-COMO_USAR_CAMARAO_ARTIFICIAL_COM_BOIA (DICA 22);100
ESC_BRAGUINHA-BLACK_BASS-COMO_O_PEIXE_SE_DESLOCA_DURANTE_O_ANO (DICA 12);99
PAG-T03-E16;96
FIT-T04-E09;96
MET-T02-E10;95
ESC_DENIS-PESQUEIROS_MONTAGEM_DE_SISTEMA_PARA_PESCA_DE_CARPA_CABECUDA_COM_BOIA;95
FIT-T03-E18;95
ART-T05-E08;95
ESC_RUBINHO-TUCUNARE_GRANDE-TIPOS_DE_ISCAS_DE_SUPERFICIE (DICA 01);95
COR-T04-E24;95
FIT-T03-E20;94
PAG-T04-E01;93
ESC-JUNINHO-PIAPARA_E_CORIMBA_COMO_FAZER_ISCA_DE_MELECA (DICA 133);92
PDI-T03-E08;92
MOM-T06-E16;92
MOM-T04-E01;91
FIG-T02-E11;89
ESC_DENIS-PESQUEIROS-COMO_USAR_AS_ISCAS_NATURAIS_EMBUTIDOS (DICA 97);88
MOM-T04-E09;87
INSTITUCIONAL_FISHTV_MOTTA_02;87
PRO-T05-E25;87
ESC-PEZAO-EQUIPAMENTOS_E_ACESSORIOS_APRENDA_A_AJUSTAR_A_ALTURA_DO_CARRETEL_DE_MOLINETE (DICA 134);87
ESC-JUNINHO-ISCA_NATURAL-COMO_ARMAZENAR_MINHOCAS (DICA 125);86
FIT-T03-E08;86
ESC-NELSON-ARREMESSO_COMO_FAZER_ARREMESSO_LEVE_SOBRE_A_AGUA (DICA 128);86
PDI-T03-E11;85
MOM-T07-E03;85
CBP-T01-E15;83
TDP-T01-E01;83
ESC_RUBINHO-TUCUNARE_GRANDE_JIG_EQUIPAMENTO_IDEAL_E_COMO_TRABALHAR (DICA 07);83
SAB-T01-E02;82
ESC-BRAGUINHA-BLACK_BASS-APRENDA_A_MONTAGEM_DOWN_SHOT_OU_DROP_SHOT (DICA 102);82
MOM-T05-E16;82
MOM-T06-E13;82
ESC-LAWRENCE-MANUTENCAO_E_CUIDADOS-COMO_MELHORAR_O_DESEMPENHO_DAS_LINHAS_MULTIFILAMENTO_COM_MAGIC_LINE.mp4;81
FIT-T03-E04;81
MOM-T04-E13;81
ESC_PAPA-ARREMESSO-CARRETILHA_EQUIPAMENTO_PESADO (DICA 03);80
ESC-DENIS-PESQUEIROS-APRENDA_A_MONTAGEM_PARA_PESCA_DE_TILAPIA_COM_EVA (DICA 106) ;80
ESC_BRAGUINHA-BLACK_BASS-COMO_USAR_CORRETAMENTE_O_MOLINETE_E_A_CARRETILHA (DICA 168);79
FIT-T03-E10;79
SAB-T01-E10;78
SAB-T01-E03;78
BIO-T05-E17;78
SAB-T01-E12;78
CBP-T01-E17;78
FIT-T03-E01;78
ELA-T04-E02;78
ELA-T04-E05;77
FIT-T04-E01;77
AQU-T05-E02;77
MOM-T07-E02;77
AQN-T03-E08;76
PAG-T06-E08;76
SAB-T01-E13;76
ELA-T04-E04;76
ESC-DENIS-PESQUEIROS-FORMAS_DE_ISCAR_COM_PAO_SUPERFICIE_E_FUNDO;76
FIT-T03-E13;75
ESC_DENIS-PESQUEIROS-DICA_DO_ARREMESSO_COM_ALFINETE_NA_BOIA_CARONINHA (DICA 06);75
SAB-T01-E09;75
ESC-DENIS-PESQUEIROS_COMO_PESCAR_CARPA_CABECUDA_COLOCACAO_DE_MASSA (DICA 111);75
PAG-T05-E03;74
ESC_JOHNNY-TUCUNARE_MEDIO-POPPER_EQUIPAMENTO_IDEAL_E_COMO_TRABALHAR (DICA 13);74
ESC_RUBINHO-TUCUNARE_GRANDE-STICK_EQUIPAMENTO_IDEAL_E_COMO_TRABALHAR (DICA 03);73
PAG-T06-E01;73
ESC_GIULIANO-ROBALO-CAMARAO_ARTIFICIAL_SUSPENDING_EQUIPAMENTO_IDEAL_E_COMO_TRABALHAR (178);73
SAB-T01-E04;72
BIO-T05-E10;72
SAW-T01-E13;72
ESC-GIULIANO-ROBALO_INFLUENCIA_DAS_MARES_NA_PESCA_DE_ROBALO (DICA 122);72
MET_T02_E01;71
PRP-T02-E01;71
ESC-JOHNNY-TUCUNARE_MEDIO_ZARA_EQUIPAMENTO_IDEAL_E_COMO_TRABALHAR (DICA 130);71
ESC-JUNINHO-ISCA_NATURAL_COMO_FAZER_CEVA_DE_BOLOTA (DICA 112);70
FLY-T07-E06;70
MOM-T04-E26;70
MOM-T06-E09;70
MOM-T04-E01;69
ESC_JOHNNY_ARREMESSO_COMO_FAZER_ARREMESSO_DE_CARRETILHA_SKIPPING_COM_JOHNNY (185);69
ESC-BRAGUINHA-BLACK_BASS-COMO_ISCAR_CORRETAMENTE_O_ANZOL_NA_MINHOCA_PLASTICA (DICA 82);69
ESC-JOHNNY-ARREMESSO-APRENDA_A_ARREMESSAR_COM_MOLINETE (DICA 154);69
PAG-T05-E36;69
AQN-T03-E07;68
ESC_PEZAO-ARREMESSO-COMO_AUMENTAR_A_PERFORMANCE_NO_ARREMESSO_DE_MOLINETE (DICA 37);68
MET_T02_E02;68
FIT-T04-E17;68
FIT-T03-E07;68
PAG-T06-E09;68
MOM-T04-E25;68
PAG-T06-E19;68
MET-T02-E08;68
PAG-T03-E08;67
MET_T02_E09;67
AQN-T03-E12;66
ESC_ROALD-TRAIRA-TIPOS_DE_SAPINHO.mp4 (DICA 07);66
ESC-PEZAO-EQUIPAMENTOS_E_ACESSORIOS-COMO_DESTRAVAR_A_VARA_TELESCOPICA (DICA 161);66
PAG-T06 -E20;66
PAS-T05-E22;66
ESC_PEZAO-EQUIPAMENTOS_E_ACESSORIOS-COMO_PRESERVAR_O_SISTEMA_DE_FRICCAO (DICA 18) ;66
ESC_DENIS-PESQUEIRO-APRENDA_A_FAZER_CAIXINHO_DE_UVA (DICA 38);66
AQN-T03-E11;65
SAW-T01-E14;64
FIG-T02-E10;63
ART-T05-E07;63
FIT-T04-E11;63
PAG-T06-E18;63
AQN-T01-E04;62
FIT-T04-E04;62
ART-T05-E02;62
SAB-T01-E15;62
ART-T05-E04;62
PAG-T05-E01;61
FIG-T02-E06;61
BIO-T04-E13;61
ESC_JUNINHO-PIAPARA-AMORTECEDOR_DE_CHUMBADA_PRINCIPAL_PARA_PESC_DE_RODADINHA (DICA 01);61
MOM-T05-E01;60
ESC-PAPA-ARREMESSO-COMO_FAZER_O_ARREMESSO_DE_MOLINETE_SIDE_CAST (DICA 116) ;60
SAW-T01-E02;59
SAB-T01-E07;59
ESC_NELSON-TUCUNARE_PEQUENO-ISCA_STICK_EQUIPAMENTO_IDEAL_E_COMO_TRABALHAR (DICA 16);59
ESC_JUNINHO-PIAPARA-COMO_USAR_O_SALVA_VARA_NA_PESCA_DE_ESPERA (DICA 04);59
MOM-T05-E18;58
MOM-T06-E26;58
ART-T05-E01;58
ESC_DENIS-PESQUEIROS-RACAO_ARTIFICIAL_COM_FLUTUANTE (DICA 03);58
MET-T02-E07;58
PAG-T04-E18;57
TDP-T01-E01;57
MOM-T04-E03;57
ESC-JUNINHO-ISCA_NATURAL-COMO_ISCAR_CARAMUJO (DICA 121);57
ESC_JOHNNY-TUCUNARE_PEQUENO-HELICE_PEQUENA_EQUIPAMENTO_IDEAL_E_COMO_TRABALHAR (DICA 09);57
BIO-T05-E14;56
MOM-T06-E25;56
MOM-T04-E11;56
ESC_DENIS-PESQUEIROS-COMO_TURBINAR_A_COXINHA_PARA_A_PESCA_DE_CARPA (DICA 34);56
MOM-T04-P2;56
PAG-T03-E24;55
CBP-T01-E16;55
AQN-T03-E10;55
ESC_PAPA-TUCUNARE_MEDIO-TIPOS_DE_ISCAS_DE_FUNDO (DICA 01);54
ESC_NAM-ROBALO-TWICHT_BAIT_EQUIPAMENTO_IDEAL_E_COMO_TRABALHAR (DICA 26);54
MOM-T06-E08;54
PAG-T06-E21;54
FIT-T03-E06;54
PAG-T03-E21;54
AQN-T01-E03;54
ESC-PEZAO-ARREMESSO-CUIDADOS_NO_AJUSTE_DO_BOTAO_DE_CONTROLE_DE_ARREMESSO (DICA 100);53
PRP-T02-E14;53
PRP-T02-E13;53
FIT-T04-E02;53
BIO-T05-E01;53
MOM-T06-E23;53
FIT T03 E02;53
MOM-T04-E07;52
FLY-T07-E01;52
FIT-T04-E19;52
ESC-BRAGUINHA-BLACK_BASS-APRENDA_A_MONTAGEM_JIG_WACKY (DICA 96);51
MOM-T06-E19;51
DENIS_GARBO-PESQUEIROS-APRENDA_A_COLOCAR_LUMINOSO_NA_BOIA_PARA_PESCA_NOTURNA (DICA 179);51
PAG-T05-E10;51
ESC-DENIS_GARBO-PESQUEIROS_ACESSORIOS_PARA_ARREMESSO_DE_RACAO (DICA 167);51
PRP-T02-E12;51
ESC_GIULIANO-ROBALO-ISCAS_DE_SUPERFICIE (DICA 01);51
ESC-JOHNNY-TUCUNARE_PEQUENO-ISCA_DE_MEIA_AGUA_PEQUENA_EQUIPAMENTO_IDEAL_E_COMO_TRABALHAR;51
ESC_JUNINHO-ISCA_NATURAL-COMO_USAR_O_CEVADOR (DICA 163);51
FIT-T03-E11;50
ESC_GIULIANO-ROBALO-ISCAS_DE_MEIA_AGUA (DICA 164);50
BIO-T05-E15;50
PDI-T03-E07;50
PAG-T05-E34;49
ESC-BRAGUINHA-BLACK_BASS_AS_MELHORES_CORES_DE_ISCA (DICA 132);49
MOM-T06-E17;49
FIG-T02-E09;49
ESC-RUBINHO-EQUIPAMENTOS_E_ACESSORIOS-COMO_AMOLAR_O_ANZOL (DICA 119);48
BIO-T05-E03;48
ESC-BRAGUINHA-BLACK_BASS-RUBBER_JIG_EQUIPAMENTO_IDEAL_E_COMO_TRABALHAR (DICA 143);48
PAG-T06-E22;48
MET-T02-E03;48
PAG-T04-E17;47
BIO-T05-E16;47
FIG-T01-E03;47
MOM-T04-E20;47
PAG-T03-E22;47
ART-T04-E03;47
FIT-T04-E22;46
FIT-T03-E15;46
SAB-T01-E16;46
PAG-T06-E14;46
PRP-T02-E10;46
MOM-T05-E22;46
ESC_NAM-TRAIRA-ISCA_HELICE_EQUIPAMENTO_IDEAL_E_COMO_TRABALHAR (DICA 15);46
ASP-T03-E01;45
FLY-T07-E02;45
ESC_ROALD-TRAIRA-SPINNER_BAIT_EQUIPAMENTO_IDEAL_E_COMO_TRABALHAR (DICA 08);45
ESC_GIULIANO-ROBALO-ISCA_FLOATING_EQUIPAMENTO_E_TECNICA (DICA 13);45
PAS-T05-E21;44
ESC-NAM-ROBALO_ISCA_STICK_EQUIPAMENTO_IDEAL_E_COMO_TRABALHAR (DICA 138);44
FLY-T07-E04;43
PRP-T02-E02;43
FIT-T04-E23;43
MOM-T05-E05;43
ESC_PAPA-TUCUNARE_PEQUENO-TWITCH_BAIT_EQUIPAMENTO_IDEAL_E_COMO_TRABALHAR (DICA 01);43
ESC_DENIS-PESQUEIROS-DICA_DA_ISCA_DE_RACAO_DE_CACHORRO;43
MET-T01-E01;43
ESC_RENAN-ROBALO_PEVA-ISCA_ZARA (DICA 30);42
SAW-T02-P1;42
FIG-T02-E01;42
SAB-T01-E06;42
ESC-JUNINHO-ISCA_NATURAL_DICA_DO_COPINHO_FLUTUANTE (DICA 117);42
FIT-T03-E03;42
FLY-T04-E01;42
PDI-T03-E04;42
MOM-T04-E10;42
ELA-T04-E01;42
SAB-T01-E11;42
AQN-T01-E02;42
ESC_DENIS-PESQUEIROS-COMO_USAR_O_TRAVA_VARAS (DICA 44);42
ESC-JUNINHO-ISCA_NATURAL-COMO_ISCAR_SALMAO (DICA 152);41
MOM-T06-E22;41
ESC_NELSON-TRAIRAO-MEIA_AGUA_SINKER_EQUIPAMENTO_IDEAL_E_COMO_TRABALHAR (DICA 07);41
PRP-T02-E03;41
FIG-T02-E02;41
MET-T02-E04;40
MET-T02-E06;40
PDI-T03-E03;40
MOM-T05-E17;40
ESC_JOHNNY_EQUIPAMENTOS_E_ACESSORIOS_COMO_DESTORCER_A_LINHA (DICA 180);40
FIT-T03-E17;40
MOM-T04-E16;40
MET-T02-E05;39
SAB-T02;39
ESC-ROALD-BLACK_BASS-COMO_ENVENENAR_A_MONTAGEM_WACKY (DICA 160);39
ELA-T03-E01;39
ASP-T04-E05;39
ESC_RUBINHO-TUCUNARE_MEDIO-JIG_EQUIPAMENTO_IDEAL_E_COMO_TRABALHAR (DICA 08);39
BIO-T05-E09;39
ESC_DENIS-PESQUEIROS-TIPOS_DE_BOIAS (DICA 90);39
SAW-T01-E10;38
PAG-T06-E04;38
ESC_BRAGUINHA-BLACK_BASS-QUAL_OCOMPRIMENTO_E_VOLUME_IDEAL_DAS_ISCAS (177);38
ESC_JOHNNY_EQUIPAMENTOS_ACESSORIOS_COMO_AJUSTAR_O_FREIO_CENTRIFUGO_EXTERNO_DA_CARRETILHA (183);38
FIG-T02-E08;38
ESC_DENIS_GARBO-PESQUEIROS-COMO_GANHAR_PROFUNDIDADE_NO_FLY (DICA 171);38
PAPA-ARREMESSO-COMO_FAZER_ARREMESSO_DE_MOLINETE_BACK_HAND_CAST (DICA 166);38
ESC_JOHNNY_EQUIPAMENTOS_ACESSORIOS_COMO_AJUSTAR_O_SISTEMA_DUPLO_DE_FREIO_DA_CARRETILHA (182);38
PAG-T06-E11;37
FIG-T02-E05;37
MOM-T05-E14;37
ESC-DENIS-PESQUEIROS-ISCA_DE_GUELRA_DE_TILAPIA (DICA 86);37
PAG-T03-E01;37
ESC-GIULIANO-ROBALO-ISCAS_SOFT (DICA 107);37
FLY-T07-E06;37
SAW-T01-E06;37
FIT-T03-E16;37
PAG-T06-E16;36
MOM-T05-E09;36
PAG-T05-E28;36
ESC_GIULIANO-ROBALO-ISCAS_DE_FUNDO (DICA 172);36
AQN-T03-E05;36
PRO-T05-E03;36
ART-T03-E26;35
DES-T04-E31;35
ART-T04-E02;35
PAS-T05-E01;35
MOM-T05-E23;35
FLY-T06-E16;35
FIG-T02-E07;35
ESC_JOHNNY_EQUIPAMENTOS_ACESSORIOS_COMO_REGULAR_O_FREIO_CENTRIFUGO_INTERNO_DA_CARRETILHA (184);35
PRP-T02-E17;35
MOM-T04-E15;35
ESC_ROALD-TRAIRA-TWITCH_BAIT_EQUIPAMENTO_IDEAL_E_COMO_TRABALHAR (DICA 174);35
MOM-T06-E11;35
MOM-T06-E20;35
ESC_PAPA-TUCUNARE_MEDIO-CRANK_BAIT_EQUIPAMENTO_IDEAL_E_COMO_TRABALHAR (DICA 02);35
ESC_NELSON-TRAIRA-TRABALHO_CRANK_BAIT (DICA 26);35
FIT-T04-E15;34
ART-T05-E03;34
MOM-T06-E14;34
MET-T01-E10;34
PAG-T04-E04;34
SAW-T01-E03;34
SAW-T01-E15;34
FIT-T04-E10;34
AQN-T03-E04;34
ELAS-T03;34
ESC_RUBINHO-TUCUNARE_PEQUENO-STICK_EQUIPAMENTO_IDEAL_E_COMO_TRABALHAR (DICA 07);34
ART-T05-E05;33
FIG-T01;33
PAG-T06-E03;33
PAG-T06-E10;33
PAG-T03-E18;33
PAG-T06-E05;33
FIG-T01-E08;33
PAG-T05-E32;33
ART-T03-E41;33
DES-T04-E29;33
FIG-T01-E16;33
ESC_DENIS_PESQUEIROS_COMO_USAR_ISCA_VIVA;33
FIT-T04-E20;32
FLY-T07-E09;32
FIT-T03-T12;32
SAB-T01-E05;32
BIO-T04-E15;32
ART-T05-E06;32
PAG-T05-E08;32
BIO-T03-E01;32
PAG-T06-E15;32
PAG-T04-E21;32
FLY-T06-E01;32
ASP-T03-E02;32
ASP-T04-E04;32
MET-T01-E06;31
MOM-T06-E02;31
PAG-T05-E30;31
AQN-T03-E06;31
FIT-T04-E03;31
MOM-T04-E22;31
PAG-T06-E17;31
PAG-T05-E24.mp4;31
AQN-T03-E09;31
ART-T03-E15;31
PRP-T02-E11;30
ART-T03-E38;30
COR-T04-E22;30
BIO-T05-E08;30
MOM-T04-E24;30
ELA-T03-E20;30
PAG-T03-E03;30
MOM-T04-E02;30
FIG-T01-E05;29
ART-T03-E01;29
PRO-T05-E24;29
PDI-T03-E01;29
COR-T04-E21;29
FTN-T05-E13;29
COR-T04-E11;29
ELA-T04-E03;28
ASP-T03-E04;28
CBP-T01-E13;28
ESC_NAM-TRAIRA-ISCA_ZARA_EQUIPAMENTO_IDEAL_E_COMO_TRABALHAR (DICA 16) ;28
PAG-T04-E24;28
FLY-T07-E05;28
PAG-T03-E23;28
MOM-T04-E17;28
MOM-T05-E06;28
ESC-BRAGUINHA-BLACK_BASS-COMO_USAR_A_MONTAGEM_MIDOSTO (DICA 88);28
MOM-T04-E23;28
PAG-T06-E06;28
BIO-T05-E13;28
FLY-T07-E01;28
PAG-T06-E02;28
PAG-T04-E20;28
MOM-T06-E06;27
AQN-T03-E02;27
ELA-T03-E07;27
FIG-T02-E04;27
FIT-T03-E19;27
ELA-T03-E08;27
FIT-T04-E13;27
ESC_BRAGUINHA-BLACK_BASS-APRENDA_A_EXPLORAR_UMA_REPRESA_NA_PRIMAVERA (DICA 25);27
ASP-T04-E01;27
ELA-T03-E21;27
(PATROCINADAS) ESC-LAWRENCE-TRAIRA-X_FROG_A_ISCA_REVOLUCIONARIA_PARA_TRAIRA (DICA 126);27
AQN-T02-E03;27
ESC_NAM-TRAIRA-ISCA_FROG_EQUIPAMENTO_IDEAL_E_COMO_TRABALHAR (DICA 19);27
MOM-T05-E12;27
ESC-DENIS_GARBO-PESQUEIROS-DICA_DA_SALSICHA_NO_ISOPOR_FLUTUANTE (DICA 123);27
ART-T03-E46;27
PAG-T04-E13;27
FLY-T06-E02;27
FLY-T04-E17;27
SAW-T01-E04;26
ESC-NELSON-TRAIRAO-ISCA_DE_HELICE_EQUIPAMENTO_IDEAL_E_COMO_TRABALHAR (DICA 149);26
PAG-T06-E07 ;26
PAG-T04-E16;26
ASP-T03-E03;26
FIG-T01-P15;26
PAG-T03-E12;26
ASP-T03-E06;26
ESC_GIULIANO-ROBALO-ISCA_CRANK_BAIT_EQUIPAMENTO_E_TECNICA (DICA 17);26
PRP-T01-E23;26
FIT-T04-E18 ;26
LOJ_CASA_DO_PESCADOR_GO;26
FIT-T04-E05;26
FLY-T07-E03;26
PRP-T02-E05;25
ART-T03-E05;25
FIT-T04-E06;25
PAG-T05-E14;25
FIG-T01-E02;25
AQN-T03-E03;25
PRO-T05-E23;25
BIO-T04-E16;25
ART-T04-E01;25
ESC_RUBINHO-TUCUNARE_GRANDE-TUBE_JIG_EQUIPAMENTO_IDEAL_E_COMO_TRABAHAR (176);25
MOM-T04-E04;25
ART-T03-E42;25
ART-T03-E45;25
PDI-T03-E05;25
SAW-T01-E11;25
PAG-T05-E06;25
PDI-T03-E02;24
FLY-T05-E22;24
ASP-T03-E05;24
MOM-T06-E05;24
MOM-T05-T03;24
ESC-DENIS-PESQUEIROS-DICA_DO_MACARRAO_PARA_TRAVAR_SALSICHA (DICA 114);24
PAG-T04-E08;24
FIG-T01-E01;24
MOM-T04-E19;24
FLY-T07-E04;24
AQN-T01-E05;24
PAG-T05-E18;23
FLY-T07-E05;23
BIO-T05-E11;23
PAG-T05-E17;23
PAG-T03-E13;23
ART-T03-E11;23
PAG-T05-E19;23
PDI-T03-E06;23
ART-T03-E35;23
PAG-T05-E16;23
SAW-T01-E09;23
MOM-T04-E06;23
AQN-T03-E01;23
DES-T04-E33;23
COR-T04-E16;23
PRP-T02-E04;22
MOM-T05-E02;22
PAS-T05-E20;22
ELA-T03-E05;22
PAG-T05-E31;22
FIT-T04-E12;22
ESC_RENAN-TRAIRA-TWITCH_BAIT_FLOATING (DICA 22);22
PRP-T02-E07;22
PRO-T05-E05;22
FLY-T05-E10;22
MOM-T04-E18;22
PAS-T05-E02;22
FIG-T02-E03;22
ESC_ROALD-TRAIRA-CONHECA_AS_ISCAS_METALICAS (DICA 04);22
COR-T04-E14;22
FIG-T01-E17;22
DES-T04-E23;22
BIO-T05-E12;22
FTN-T05-E14;22
ART-T03-E43;22
PAS-T02-E22;21
PRP-T02-E08;21
MOM-T05-E13;21
DES-T04-E18;21
MET-T01-E04;21
COR-T04-E23;21
BIO-T04-E01;21
MET-T01-E02;21
ELA-T03-E22;21
AQN-T02-E04;21
PRP-T01-E04;21
BIO-T05-E05;21
FLY-T04-E11;21
ESC-DENIS-PESQUEIRO-COMO_UTILIZAR_SUPORTE_DE_VARA (DICA 101);21
COR-T04-E15;21
SAW-T01-E05;21
ESC-ROALD-TRAIRA-CONHECA_OS_PLUGS_DE_MEIA_AGUA ( DICA 144);20
PRO-T05-E19;20
FLY-T06-E04;20
MOM-T04-E14;20
PAG-T03-E04;20
ELA-T03-E23;20
FIG-T01-E09;20
ESC-ROALD-TRAIRA-BUZZ_BAIT_EQUIPAMENTO_IDEAL_E_COMO_TRABALHAR (DICA 140);20
ESC_NELSON_ROBALO_PLUG_DE_BARBELA (DICA 36);20
FLY-T04-E02;19
PAG-T03-E02;19
MET-T01-E03;19
ART-T03-E33;19
FIT-T03-E14;19
DES-T04-E14;19
PAG-T05-E07;19
BIO-T03-E10;19
PAG-T05-E13;19
PAG-T04-E23;19
ELA-T03-E19;19
FLY-T04-E20;19
MOM-T05-E15;19
PAS-T05-E15;19
MOM-T05-E11;18
ART-T04-E06;18
SAW-T01-E08;18
PAG-T05-E25;18
MOM-T04-E21;18
FIT-T03;18
ESC-DENIS-PESQUEIROS-COMO_PREPARAR_A_MASSA_ESCURA (DICA 141);18
PAG-T03-E19;18
FIG-T01-E13;18
AQN-T01-E07;18
ART-T03-E04;18
DES-T04-E28;18
FLY-T04-E10;18
FLY-T07-E03;18
PAS-T05-E16;18
AQN-T02-E11;18
ESC_NELSON-TRAIRA-BARBELA_EQUIPAMENTO_IDEAL_E_COMO_TRABALHAR.mp4 (DICA 30);17
ART-T04-E16;17
FTN-T05-E08;17
ART-T03-E09;17
PAS-T05-E19;17
PRO_T03_E01;17
FIG-T01-E04;17
PAG-T05-E33;17
PRP-T01-E22;17
ASP-T04-E02;17
MOM-T05-E08;17
ART-T03-E36;17
MOM-T05-E24;17
MOM-T05-E21;17
ART-T04-E08;17
ELA-T03-E02;17
BIO-T03-E16;17
(PATROCINADAS) ESC-PEZAO-EQUIPAMENTOS_E_ACESSORIOS-COMO_PROTEGER_A_CARRETILHA_COM_X_BUBBLE(DICA 137);17
MOM-T06-E15;17
MOM-T06-E03;17
ELA-T04;17
FIT-T04-E14;17
MOM-T06-E12;17
ART-T03-E06;17
CBP-T01-E04;17
FLY-T04-E14;16
DES-T04-E21;16
PAS-T03-E01;16
FLY-T06-E08;16
ESC_PAPA-TRAIRAO-POPPER_EQUIPAMENTO_IDEAL_E_COMO_TRABALHAR (DICA 03);16
PRP-T01-E01;16
MOM-T05-E07;16
PRP-T02-E09;16
MOM-T05-E04;16
FLY-T06-E07;16
PAS-T04-E01;16
AQN-T02-E09;16
PAG-T05-E23;16
PAS-T05-E04;16
SAW-T01-E07;16
MET-T02;16
FLY-T05-E13;16
ESC-DENIS-PESQUEIROS-APRENDA_A_FAZER_RACAO_ARTIFICIAL_TURBINADA (DICA 156);15
PAS-T05-E18;15
PAG-T04-E02;15
PAG-T06-E13;15
PRP-T01-E13;15
ESC_GIULIANO-ROBALO-APRENDA_A_AUMENTAR_A_EFICIENCIA_DA_FISGADA (DICA 83);15
ELA-T03-E04;15
LOJ_POR_DENTRO_DA_LOJA_BETINHO;15
FLY-T05-E04;15
MOM-T04-E12;15
ELA-T03-E10;15
PAG-T04-E22;15
FLY-T06-E23;15
PAG-T06-E12;15
ART-T03-E27;15
MOM-T05-E20;15
FLY-T05-E14;15
BIO-T05-E07;15
PAG-T04-E06;15
ESC_ROALD_TRAIRA_CONHECA_OS_PLUGS_DE_SUPERFICIE (DICA 06);15
ESC_JOHNNY_TUCUNARE_MEDIO_HELICE_EQUIPAMENTO_IDEAL_E_COMO_TRABALHAR (DICA 09);15
BIO-T04-E14;15
ESC-JUNINHO-ISCA_NATURAL-COMO_TRASPORTAR_CEVA (DICA 136);15
PAG-T03-E07;15
PAS-T05-E07;15
BIO-T04-E04;14
PAG-T03-E09;14
FIG-T01-P14;14
ART-T03-E31;14
PAG-T05-E04;14
MOM-T06-E10;14
ELA-T03-E13;14
ART-T03-E30;14
CBP-T01-E06;14
ESC-DENIS-PESQUEIROS-DICA_DO_ENCASTOADO_SEM_LUVA (DICA 145);14
PRO-T05-E02;14
MET-T01-E07;14
COR-T04-E01;14
PAG-T03-E17;14
BIO-T03-E03;14
DES-T04-E16;14
ESC-JOHNNY-TUCUNARE_GRANDE-ISCA_DE_MEIA_AGUA_EQUIPAMENTO_IDEAL_E_COMO_TRABALHAR (DICA 95);14
MOM-T04-E05;14
FLY-T04-E06;14
SAW-T01-E16;14
ELA-T03-E15;14
PRP-T01;14
MET-T01-E05;13
ART-T03-E14;13
PAG-T04-E14;13
BIO-T05-E06;13
PRO-T03-E07;13
BIO-T04-E02;13
AQN-T01-E06;13
PAG-T05-E12;13
PRO-T04-E16;13
MOM-T06-E21;13
ART-T03-E03;13
COR-T04-E02;13
AQN-T02-E06;13
MOM-T03-E01;13
FLY-T06-E15;13
FLY-T06-E19;13
ART-T03-E24;13
FLY-T04-E21;13
CBP-T01-E01;13
ART-T03-E07;13
ESC_JOHNNY-TUCUNARE_PEQUENO-ZARA_EQUIPAMENTO_IDEAL_E_COMO_TRABALHAR (DICA 169);13
DES-T04-E01;13
ART-T03-E40;13
BIO-T03-E20;13
CBP-T01-E11;13
PAS-T05-E11;12
DES-T04-E10;12
CBP-T01-E03;12
DES-T03-E01;12
ELA-T03-E17;12
BIO-T04-E12;12
FLY-T06-E05;12
ELA-T03-E18;12
MOM-T05-E10;12
BIO-T03-E18;12
MOM-T06-E04;12
CBP-T01-E08;12
FLY-T06-E17;12
PRP-T01-E03;12
PRP-T01-E17;12
BIO-T04-E08;12
PRO-T03-E21;12
PAG-T05-TV-SITE;12
COR-T04-E12;12
PRP-T01-E24;12
ESC-RUBINHO-TUCUNARE_GRANDE-TIPOS_DE_ISCAS_DE_FUNDO (DICA 142);12
ELA-T03-E03;12
PRP-T01-E02;12
AQN-T02-E10;12
FLY-T05-E23;12
PRP-T01-E15;12
FLY-T05-E20;12
ESC_JOHNNY_TUCUNARE_GRANDE_CRANK_BAIT (DICA 10);12
COR-T04-E03;12
PAS-T05-E13;12
MET-T01-E08;11
PAG-T02-E16;11
COR-T04-E13;11
PAG-T04-E09;11
DES-T03-E19;11
FLY-T06-E20;11
CBP-T01-E10;11
FIG-T01-E10;11
ART-T04-E17;11
FIG-T01-E07;11
ART-T03-E02;11
PAS-T04-E02;11
COR-T04-E20;11
PAG-T03-E11;11
BIO-T04-E11;11
ESC-JOHNNY-TUCUNARE_GRANDE-ZARA_EQUIPAMENTO_IDEAL_E_COMO_TRABALHAR (DICA 81);11
FLY-T06-E14;11
PAS-T04-E18;11
FLY-T06-E06;11
PAG-T03-E06;11
ART-T03-E37;11
ESC-NAM-ROBALO-SWIMMING_BAIT_EQUIPAMENTO_IDEAL_E_COMO_TRABALHAR (DICA 94);11
PAG-T05-E15;11
ESC_LAWRENCE_MONSTER_3X_CAMISETAS_(DICA 188);11
FLY-T06-E21;11
AQU-T03-E06;11
DES-T04-E15;11
MOM-T05-E19;11
ART-T03-E10;11
BIO-T03-E02;11
PRP-T01-E11;11
DES-T04-E24;11
ASP-T04-E03;11
FIG-T01-E06;11
DES-T04-E30;11
PAG-T05-E05;11
ART-T03-E32;11
AQN-T02-E12;10
FLY-T06-E03;10
CBP-T01-E05;10
BIO-T04-E09;10
FLY-T06-E12;10
FLY-T07-E02;10
BIO-T03-E07;10
ELA-T03-E09;10
FLY-T06-E18;10
FLY-T04-E13;10
MET-T01-E09;10
BIO-T05-E04;10
ART-T04-E04;10
PAS-T05-E17;10
PRO-T05-E12;10
TEASER_TUCUNARE_ACU_SEM_SITE;10
BIO-T03-E06;10
FLY-T05-E24;10
PAS-T05-E14;10
MOM-T06-E18;10
ELA-T03-E14;10
PAS-T02-E21;10
ESC-RUBINHO-TUCUNARE_GRANDE_ISCA_POPPER_EQUIPAMENTO_IDEAL_E_COMO_TRABLHAR. (DICA 127) ;10
PAG-T05-E27 ;10
PAG-T04-E11;10
PAG-T04-E03;10
PAG-T05-E29;10
CBP-T01-E12;10
FTN-T05-E07;10
DES-T04-E11;10
ESC-NELSON-TRAIRAO-TWITCH_BAIT_SINKER-EQUIPAMENTO_IDEAL_E_COMO_TRABALHAR (DICA 99);10
FLY-T04-E16;10
BIO-T04-P2;10
ESC-DENIS-PESQUEIROS-CAPTURAR_E_SOLTAR_O_PEIXE_COM_SEGURANCA (DICA 158);9
PAS-T04-E09;9
MAR-T03-E12;9
FLY-T05-E21;9
COR-T04-E04;9
DES-T04-E27;9
FTN-T03-E21;9
PRO-T03-E20;9
FLY-T04-E19;9
DES-T04-E17;9
PAS-T02-E10;9
PRO-T05-E13;9
COR-T04-E18;9
ESC-DENIS_GARBO-PESQUEIROS_COMO_COLOCAR_FLUTUADORES_NA_LINHA_E_REUTILIZA-LOS (DICA 131);9
COMERCIAL_APETL;9
ELA-T03-E16 ;9
PAS-T03-E17;9
PAS-T04-E19;9
PRP-T01-E21;9
ESC_RENAN-TRAIRA-TWITCH_BAIT_SINKING_EQUIPAMENTO_IDEAL_E_COMO_TRABALHAR (DICA 23);9
COMEMORATIVA_28_DE_ABRIL_DIA_NACIONAL_DA_PESCA_COM_MOSCA_NO_BRASIL;9
ART-T04-E12;9
BIO-T04-E10 ;9
PRP-T01-E08;9
PDI-T01-E14;9
FTN-T04-E09;9
BIO-T03-E05;9
PRO-T05-E07;9
AQN-T02-E01;9
AQU-T01-E01;9
ESC_NAM-TRAIRA-ISCA_SHAD_EQUIPAMENTO_IDEAL_E_COMO_TRABALHAR (DICA 162);9
PRP-T01-E12;9
ART-T03-E16;9
BIO-T03-E04;9
CBP-T01-E09;9
PAS-T05-E03;9
BIO-T03-E15;9
ELA-T03-E11;9
ESC-NELSON-ROBALO-CRANK_BAIT_EQUIPAMENTO_IDEAL_E_COMO_TRABALHAR (DICA 138);9
PAS-T03-E22;9
PAS-T05-E09;8
DES-T03-E21;8
AQN-T02-E08;8
ART-T03-E20;8
ART-T04-E09;8
PRP-T01-E14;8
PAS-T02-E01;8
PRO-T03-E02;8
ESC_RUBINHO-TUCUNARE_MEDIO-TIPOS_DE_ISCAS_DE_SUPERFICIE (DICA 165);8
ESC_LAWRENCE_MONSTER_3X_OCULOS_(DICA 186);8
FTN-T05-E02;8
BIO-T04-E03;8
PRO-T03-E05;8
AQN-T01;8
MOM-T03-E03;8
PRP-T01-E19;8
BIO-T03-E12;8
FLY-T06-E09;8
ART-T04-E14;8
PRO-T05-E17;8
PAG-T04-E12;8
FLY-T06-E13;8
PRP-T01-E07;8
PRP-T01-E16;8
ELA-T03-E06;8
FLY-T06-E22;8
PAS-T02-E17;8
AQN-T02-E07;8
PRO-T05-E04;8
FIT-T04;8
PAS-T04-E16;8
PAG-T05-E22;8
PAG-T05-E26;8
AQU-T03-E04;8
PRP-T01-E06;8
BIO-T04-E06;8
FLY-T04-E18;8
PRO-T05-E10;8
PAG-T04-E15;8
LOJ_NAMAZU;8
ESC_LAWRENCE_MONSTER_3X_BOLSAS_(DICA 187);8
PAG-T05-E21;8
COR-T04-E19;8
CBP-T01-E07;8
FIG-T01-E11;8
COMERCIAL_CACERES;7
COR-T04-E08;7
PRO-T03-E10;7
FLY-T06-E11;7
FLY-T05-E16;7
FTN-T05-E08;7
PAG-T03-E20;7
PDI-T01-E02;7
PAG-T03-E15;7
PAG-T04-E05;7
DES-T03-E24;7
AQU-T03-E03;7
PAG-T05-E02;7
FLY-T05-E17;7
PRO-T04-E01;7
PAG-T05-E11;7
FLY-T06-P1;7
ELA-T03-E12;7
PRO-T05-E11;7
ART-T04-E15;7
PAG-T03-E14;7
PAS-T02-E24;7
FTN_SONORA_WEBERT;7
ESC-ROALD-TRAIRA-COMO_ENVENENAR_O_SPINNER_BAIT (DICA 87);7
PRO-T05-E15;7
AQU-T01-E02;7
FTN_MARLUCIO_TUCUNA_MASTER;7
FLY-T04-E08;7
ART-T03-E28;7
ESC-RUBINHO-TUCUNARE_PEQUENO_POPPER_EQUIPAMENTO_IDEAL_E_COMO_TRABALHAR (DICA 113);7
PRO-T05-E06;7
DES-T03-E22;7
PAS T05 E05;7
PRO-T04-E12;7
PRO-T05-E22;7
MOM-T03-E16;7
PRP-T01-E18;7
PAG-T05-E20;7
PDI-T02-E24;7
ART-T04-E05;7
ESC-RUBINHO-TUCUNARE_PEQUENO-TIPOS_DE_ISCAS_DE_MEIA_AGUA (DICA 155);7
AQU-T03-E05;7
AQU-T02-E01;7
PRP-T01-E20;7
AQU-T03-E22;7
FLY-T05-E19;7
PRO-T03-E09;7
BIO-T03-E14;7
MOM-T04-E08;7
PRP-T02-E06;7
ART_T04_E11;7
PRP-T02;6
ESC-NAM-ROBALO-CRANK_BAIT_EQUIPAMENTO_IDEAL_E_COMO_TRABALHAR (DICA 153);6
FTN-T05-E02;6
MAR-T03-E04;6
PULSIERA_TUCUNARE;6
MOM-T03-E09;6
FTN-T05-E04;6
ART-T03-E17;6
FLY-T04-E05;6
MOM-T03-E04;6
DES-T04-E12;6
PAS-T02-E19;6
PRO-T05-E20;6
AQU-T01-E20;6
ART-T03-E13;6
PAS-T05-E06;6
BIO-T03-E19;6
PAS-T02-E04;6
DES-T04-E06;6
PAG-T03-E10;6
PAS-T04-E17;6
PRO-T05-E09;6
FTN-T03-E19;6
PRO-T03-E03;6
PAS-T05-E10;6
ESC-RUBINHO-TUCUNARE_PEQUENO-TIPOS_DE_ISCA_DE_FUNDO (DICA 85);6
FTN-T01-EP03;6
PAS-T02-E09;6
ART-T04-E13;6
BIO-T03-E08;6
PAS-T04-E08;6
COR-T04-E07;6
FLY-T05-E15;6
PRO-T04-E04;6
DES-T04-E13;6
MOM-T06-P1;6
PAG-T05-E09;6
PRO-T03-E18;6
PRO-T04-E15;6
MAR-T03-E11;6
BIO-T03-E09;6
FTN-T04-E13;6
FTN-T04-E01;6
ESC-JOHNNY-TUCUNARE_MEDIO_ISCA_DE_MEDIO-MEIA_AGUA_EQUIPAMENTO_IDEAL_E_COMO_TRABALHAR (148);6
ART-T03-E39;6
DES-T04-E08;6
FLY-T04-E04;6
ART-T03-E12;6
ESC-JOHNNY-TUCUNARE_PEQUENO-TWITCH_BAIT_EQUIPAMENTO_IDEALE_COMO_TRABALHAR (DICA 135);6
ART-T03-E34;6
FLY-T06-E10;6
FTN-T05-E12;6
PAS-T05-E08;6
ESC-GIULIANO-ROBALO-CAMARA_ARTIFICIAL_COM_BOIA_EQUIPAMENTO_IDEAL_E_COMO_TRABALHAR (DICA 147) ;6
CBP-T01-E02;6
PAS-T05-P2;5
ESC-NAM-TRAIRA-ISCA_CRIATURA_EQUIPAMENTO_IDEAL_E_COMO_TRABALHAR (DICA 157);5
MOM-T03-E20;5
DES-T03-E15;5
PAG-T04-E19;5
FLY-T05-E18;5
DES-T04-E25;5
PRO-T03-E19;5
FTN-T05-E09;5
PRP-T01-E10;5
PAS-T04-E07;5
AQU-T03-E11;5
DES-T04-E09;5
PAS-T03-E09;5
FTN-T02-E14;5
PDI-T02-E01;5
PAS-T04-E12;5
PAS-T04-E20;5
PDI-T02-E04;5
AQU-T01-E10;5
PRP-T01-E05;5
AQU-T02-E12;5
ART-T03-E22;5
ART-T04-E18;5
PAS-T04-E13;5
PRO-T03-E08;5
AQN-T02-E02;5
FLY-T04-E09;5
FLY-T04-E03;5
PAS-T04-E11;5
PRO-T04-E03;5
PRO-T04-E05;5
ESC_ROALD-TRAIRA-BARBELA_MEDIA_EQUIPAMENTO_IDEAL_E_COMO_TRABALHAR (DICA 12);5
AQU-T02-E06;5
ART-T03-E23;5
ART-T04-E10;5
PAS-T03-E05;5
FIT-T04-P1;5
PAS-T02-E20;5
ESC-NELSON-TUCUNARE_MEDIO-ISCA_STICK_EQUIPAMENTO_IDEAL_E_COMO_TRABALHAR (DICA 92);5
DES-T03-E16;5
DES-T03-E20;5
FIG-T01-E12;5
MAR-T01-E11;5
MOM-T03-E24;5
AQU-T01-E13;5
MOM-T03-E07;5
PRO-T04-E11;5
ART-T03-E25;5
PAS-T03-E18;5
PAG-T04-E10;5
AQN-T02-E05;5
AQU-T01-E03;5
AQU-T03-E01;5
ART-T03-E44;5
FLY-T05-E03;5
BIO-T04-E07;4
DES-T04-E19;4
PAS-T03-E19;4
COR-T04-E09;4
ART-T04-E07;4
PDI-T01-E21;4
FLY-T03-E24;4
LOJ_SO_PESCA.mp4;4
PRO-T04-E10;4
AQU-T02-E07;4
PAS-T03-E02;4
FLY-T04-E12;4
AQN-T03;4
AQU-T04-E15;4
FTN-T03-E08;4
PRO-T04-E02;4
LOJ_FABPESCA;4
DES-T03-E02;4
AQU-T02-E22;4
PAS-T03-E21;4
MOM-T03-E23;4
PDI-T01-E27;4
FTN-T01-EP14;4
ART-T02-E06;4
AQU-T02-E02;4
PRO-T05-E18;4
LOJ_ERMANAY;4
LOJ_DNA;4
DES-T04-E02;4
AQU-T04-E23;4
MAR-T01-E07;4
DES-T04-E20;4
PAS-T02-E23;4
DES-T04-E22;4
FLY-T05-E12;4
AQU-T04-E22;4
PRO-T05-E21;4
PDI-T02-E06;4
MOM-T03-E21;4
PAS-T02-E16;4
PAS-T03-E10;4
FTN-T05-E05;4
AQU-T01-E04;4
FTN-T04-E12;4
AQU-T03-E24;4
FTN-T05-E04;4
AQU-T02-E11;4
PAS-T02-E13;4
AQU-T02-E05;4
MOM-T03-E11;4
COR-T04-E06;4
PDI-T01-E12;4
ART-T03-E18;4
BIO-T04-E05;4
MOM-T03-E19;4
DES-T03-E05;4
ART-T03-E19;4
AQU-T02-E09;4
PDI-T01-E10;4
PRO-T04-E09;4
ESC-JOHNNY_TUCUNARE_GRANDE_JIG_GRANDE_EQUIPAMENTO_IDEAL_E_COMO_TRABALHAR (DICA 110);4
FLY-T05-E08;4
LOJ_GONCALVES_PESCA;4
PAS-T05-E12;4
ART-T03-E29;4
MOM-T03-E10;3
PAS-T04-E14;3
AQU-T04-E20;3
AQU-T01-E15;3
PAS-T02-E12;3
FTN-T04-E06;3
MOM-T03-E14;3
LOJ_CASA_DE_PESCA_DO_PRIMO;3
PAS-T03-E20;3
AQU-T01-E06;3
MOM-T07;3
AQU-T04-E06;3
AQU-T01-E24;3
PRO-T05-E16;3
FLY-T05-E07;3
FTN-T04-E05;3
MAR-T03-E06;3
AQU-T01-E11;3
PAS-T03-E12;3
FTN T03 E01;3
ESC-RUBINHO-TUCUNARE_GRANDE-COLHER_EQUIPAMENTO_IDEAL_E_COMO_TRABALHAR (DICA 159);3
MOM-T05-P2;3
AQU-T04-E01;3
CBP_TROFEU;3
AQU-T01-E07;3
LOJ_CENTRO_DA_PESCA;3
FTN-T04-E14;3
MAR-T01-E08;3
ART-T02-E24;3
PRO-T05-E01;3
AQU-T02-E08;3
AQU-T01-E08;3
MOM-T03-E22;3
MAR-T03-E08;3
AQU-T01-E23;3
PRO-T04-E07;3
PDI-T01-E24;3
DES-T04-E05;3
MOM-T03-E12;3
ART-T03-E21;3
MAR-T03-E03;3
FLY-T04-E07;3
ART-T02-E19;3
BIO-T05-E02;3
PDI-T02-E14;3
DES-T03-E03;3
FTN-T04-E16;3
PAG-T06;3
AQU-T02-E04;3
PAS-T03-E08;3
PRO-T03-E17;3
MAR-T01-E06;3
AQU-T02-E03;3
PRO-T03-E06;3
AQU-T02-E10;3
DES-T03-E23;3
PRO-T04-E06;3
PDI-T01-P1;3
FTN-T03-E13;3
MAR-T01-E03;3
PDI-T01-E06;3
AQU-T04-E14;3
DES-T03-E08;3
PRO-T05-E28;3
PAS-T03-E13;3
FTN-T02-E08;3
PRP-T02-E19;3
AQU-T03-21;3
PAS-T04-E03;3
PDI-T01-E29;3
BIO-T03-E11;3
AQU-T02-E13;3
MOM-T03-E06;3
PAS-T03-E16;3
COR-T04;3
SAW-T01;3
PAS-T02-E11;3
PAS-T04-E10;3
AQU-T04-E08;3
AQU-T02-E24;2
ART-T05;2
AQU-T03-E20;2
DES-T03-E11;2
CBP-T01;2
BIO-T03-E13;2
AQU-T04-P1;2
LOJ_PESCACA_ADVENTURE;2
DES-T03-E10;2
ASP-T05-E04;2
FTN-T04-E02;2
SAB-T02-E08;2
ASP-T03;2
FTN-T04-E17;2
MOM-T03-E02;2
DES-T04-E04;2
PRP-T01-E09;2
PRO-T03-E04;2
REMO_E_PESCA;2
MOM-T03-E17;2
MOM-T01-E20;2
FTN-T03-E02;2
AQU-T01-E22;2
MAR-T01-E09;2
MOM-T02-E14;2
FTN-T05-E09;2
ART-T02-E11;2
AQU-T01-E05;2
PAS-T03-E06;2
FLY-T03-E09;2
MOM-T02-E09;2
DES-T04;2
AQU-T02-E14;2
COR-T04-E10;2
PDI-T01-E03;2
DES-T04-P2;2
PRO-T03-E14;2
MAR-T02-E15;2
MAR-T02-E07;2
AQU-T01-E21;2
SAW-T02;2
FTN-T04-E03;2
FTN-T04-E04;2
PDI-T01-E22;2
DES-T04-E03;2
DES-T04-E26;2
AQU-T04-E17;2
AQU-T03-E18;2
PDI-T02-E18;2
COR-T03-E22;2
PRO-T03-E15;2
AQU-T02-E17;2
AQU-T04-E07;2
FTN-T01-EP11;2
FLY-T05-E09;2
FTN-T02-EP07;2
LOJ_STAR_RIVER;2
AQU-T04-E02;2
PDI-T02-E17;2
ART-T02-E23;2
PDI-T01-E30 ;2
PDI-T02-E12;2
FTN-T05-E11;2
SAB-T01-P1;2
FTN-T03-E14;2
PAS-T02-E05;2
FTN_BRASILIA_EP11_T5_CBPE;2
MOM-T01-E13;2
MAR-T02-E23;2
PDI-T02-E22;2
ART-T02-E12;2
PRO-T03-E13;2
MOM-T07-E12;2
FTN-T04-E15;2
AQU-T03-E14;2
BIO-T03-E21;2
LOJ_7_PESCA;2
LOJ_CEBOLA;2
MAR-T01-E01;2
ART-T02-E16;2
AQN-T03;2
MAR-T01-E10;2
AQU-T03-E23;2
LOJ_POINT_PESCA;2
MOM-T03-E15;2
FTN-T04-E11;2
AQU-T01-E09;2
MAR-T03-E09;2
PAS-T04-E04;2
PAG-T04-E07;2
PDI-T03-E12 ;2
PRO-T05-E08;2
FTN-T04-E10;2
AQU-T04-E04;2
PAS-T02-E03;2
ESC-RUBINHO-TUCUNARE_PEQUENO-TUBE_JIG_EQUIPAMENTO_IDEAL_E_COMO_TRABALHAR (DICA 98);2
ART-T02-E01;2
PAS-T04-E05;2
ART-T02-E17;2
PAS-T04-E15;2
FLY-T03-E03;2
FIG-T01-P1;2
MOM-T01-E18;1
FTN-T03-E10;1
ART-T02-E09;1
COM_MONSTER_XFROG;1
MAR-T01-E14;1
AQU-T03-E17;1
PAG-T01-E20;1
FTN-T02-E11;1
PDI-T01-E05;1
AQU-T04-E16;1
FTN-T02-E13;1
LOJ_CUSTOM_BY_MARCO;1
MAR-T01-E15;1
DES-T03-E13;1
AQU-T02-E21;1
BIO-T06-E03;1
PAS-T02-E08;1
AQU-T01-E18;1
PDI-T02-E05;1
AQU-T02-E15;1
MAR-T02-E24;1
MAR-T02-E18;1
LOJ_MORI;1
ART-T02-E22;1
MOM-T02-E08;1
BIO-T05-P1;1
MAR-T02-E02;1
PAG-T01-E14;1
LOJ_POR_DENTRO_DA_LOJA_JUNINHO;1
DES-T03-E17;1
FTN-T01-EP07;1
PAG-T01-E19;1
FTN-T01-EP06;1
PDI-T02-E02;1
PDI-T01-E13;1
PLV_CASA_DAS_ISCAS_MACEDO;1
AQU-T02-E19;1
COR-T02-E19;1
COR-T03-E12;1
COR-T03-E08;1
AQU-T01-E12;1
AQU-T03-E02;1
LOJ_CIA_DA_PESCA.mp4;1
COR-T03-E20;1
ART-T03-E08;1
BIO-T02-E02;1
FTN-T05-E10;1
FTN-T05-E01;1
PRO-T03-E16;1
AQU-T03-E10;1
AQU-T04-E13;1
COR-T03-E01;1
PDI-T01-E25;1
PAS-T03-E07;1
ART-T01-E05;1
AQU-T01-E17;1
FLY-T03-E20;1
LOJ_MARTINELLI_PESCA_E_NAUTICA;1
MAR-T02-E16;1
PRO-T03-E11;1
PAG-T01-E21;1
MAR-T02-E13;1
AQN-T02-P1;1
PRO-T04-E13;1
AQU-T05-E03;1
LOJ_MACEDO_PESCA;1
DES-T03-E12;1
FTN-E14;1
PAG-T01-E17;1
COR-T03-E11;1
AQU-T04-E12;1
PAG-T01-E16;1
LOJ_PESCA_CAMPING_E_CIA;1
ART-T02-E14;1
PAS-T05-E06;1
PAS-T02-E14;1
FTN-T03-E22;1
WhatsApp_Video_2017-08-29_at_09.01.22.mp4;1
AQU-T01-E16;1
ELA-T03-P1;1
ESC-JOHNNY-TUCUNARE_MEDIO-CRANK_BAIT_EQUIPAMENTO_IDEAL_E_COMO_TRABALHAR (DICA 120);1
FTN-T02-EP02;1
DES-T04-E07;1
PAS-T03-E04;1
ART-T02-E15;1
PDI-T02-E13;1
AQU-T04-E18;1
PAG-T01-E15;1
PAS-T04;1
PDI-T02-E07;1
PDI-T01-E19;1
BIO-T02-E01;1
AQU-T02-E18;1
MAR-T02-E20;1
AQU T03 E12;1
LOJ_MARIS_PESCA;1
DES-T03-E09;1
AQU-T01-E19;1
BIO-T04-P1;1
FLY-T03-E06;1
PAS-T03-E14;1
LOJ_ARMAZEM_DO_PESCADOR;1
LOJ_REDE_CACA_E_PESCA_SL;1
FLY-T07-P1;1
MAR-T01-E12;1
PAG-T01-E18;1
CBP-T01-E18;1
FLY-T05-E06;1
PAG-T01-E23;1
COR-T01-E08;1
MAR-T03-E01;1
FTN-T05-E10;1
COR-T02-E05;1
COR-T04-E05;1
AQU-T03-E15;1
PAS-T03-E11;1
PDI-T02-E16;1
AQN-T01-E01;1
ART-T02-E03;1
FLY-T07-E10;1
COR-T03-E21;1
FTN-T05-E03;1
ART-T01-E17;1
DES-T04-P1;1
FLY-T03-E21;1
PDI-T01-E26;1
PDI-T01-E28;1
AQU-T01-E14;1
FTN-20;1
FLY-T03-E01;1
PDI-T01-E09;1
MAR-T02-E14;1
FLY-T05-E11;1
PAS-T02-E02;1
PAG-T01-E22;1
MAR-T02-E19;1
ART-T02-E05;1
AQU-T02-E23;1
FTN-T05-E12;1
PAG-T01-E24;1
ART-T02-E18;1
FTN-22;1
PAS-T05;1
MOM-T03-E18;1
DES-T03-E18;1
FTN-T04-E18;1
MAR-T03-E05;1
MAR-T01-E05;1
AQU-T04-E19;1
ART-T01-E30;1
PAS-T02-E15;1
PAS-T02-E18;1
AQU-T03-E08;1
ART-T02-E21;1
FTN-T01-E12;1
FLY-T03-E11;1
AQU-T04-E21;1
MAR-T02-E01;1
FTN-T03-E23;1
LOJ_PESCA_NA_PRAIA;1
